Warehouse id,Region,SKU id,Jun-21
Wh-1,NORTH,SKU-1,6.762638
Wh-1,NORTH,SKU-2,4.814595
Wh-1,NORTH,SKU-3,6.284112
Wh-1,NORTH,SKU-4,6.7603846
Wh-1,NORTH,SKU-5,6.3165035
Wh-1,NORTH,SKU-6,4.8436747
Wh-1,NORTH,SKU-7,6.876567
Wh-1,NORTH,SKU-8,6.622737
Wh-1,NORTH,SKU-9,6.8679056
Wh-1,NORTH,SKU-10,6.2419314
Wh-1,NORTH,SKU-11,5.7158422
Wh-1,NORTH,SKU-12,2.3003113
Wh-1,NORTH,SKU-13,3.7643535
Wh-1,NORTH,SKU-14,5.8977947
Wh-1,NORTH,SKU-15,5.5782647
Wh-1,NORTH,SKU-16,5.564843
Wh-1,NORTH,SKU-17,4.5423284
Wh-1,NORTH,SKU-18,6.122008
Wh-1,NORTH,SKU-19,6.6742754
Wh-1,NORTH,SKU-20,4.9601383
Wh-1,NORTH,SKU-21,5.3873634
Wh-1,NORTH,SKU-22,3.5880797
Wh-1,NORTH,SKU-23,3.9378915
Wh-1,NORTH,SKU-24,5.47264
Wh-1,NORTH,SKU-25,5.074649
Wh-1,NORTH,SKU-26,5.840352
Wh-1,NORTH,SKU-27,6.237629
Wh-1,NORTH,SKU-28,6.33862
Wh-1,NORTH,SKU-29,6.1521587
Wh-1,NORTH,SKU-30,5.617857
Wh-1,NORTH,SKU-31,4.070056
Wh-1,NORTH,SKU-32,4.737973
Wh-1,NORTH,SKU-33,5.7524934
Wh-1,NORTH,SKU-34,5.481716
Wh-1,NORTH,SKU-35,3.2021143
Wh-1,NORTH,SKU-36,5.0823126
Wh-1,NORTH,SKU-37,5.629403
Wh-1,NORTH,SKU-38,6.2414846
Wh-1,NORTH,SKU-39,5.943591
Wh-1,NORTH,SKU-40,5.591568
Wh-1,NORTH,SKU-41,6.2645345
Wh-1,NORTH,SKU-42,4.667868
Wh-1,NORTH,SKU-43,4.658268
Wh-1,NORTH,SKU-44,4.170118
Wh-1,NORTH,SKU-45,5.0982866
Wh-1,NORTH,SKU-46,6.4989676
Wh-1,NORTH,SKU-47,6.6878643
Wh-1,NORTH,SKU-48,6.1362247
Wh-1,NORTH,SKU-49,5.439977
Wh-1,NORTH,SKU-50,6.8045387
Wh-1,NORTH,SKU-51,6.498966
Wh-1,NORTH,SKU-52,6.297249
Wh-1,NORTH,SKU-53,4.8095407
Wh-1,NORTH,SKU-54,6.3858333
Wh-1,NORTH,SKU-55,6.362406
Wh-1,NORTH,SKU-56,5.545123
Wh-1,NORTH,SKU-57,4.049865
Wh-1,NORTH,SKU-58,3.2570908
Wh-1,NORTH,SKU-59,4.499342
Wh-1,NORTH,SKU-60,0.5309829
Wh-1,NORTH,SKU-61,3.5697215
Wh-1,NORTH,SKU-62,4.444874
Wh-1,NORTH,SKU-63,6.315968
Wh-1,NORTH,SKU-64,6.714809
Wh-1,NORTH,SKU-65,5.8195543
Wh-1,NORTH,SKU-66,6.1870394
Wh-1,NORTH,SKU-67,5.921649
Wh-1,NORTH,SKU-68,5.687454
Wh-1,NORTH,SKU-69,6.8766646
Wh-1,NORTH,SKU-70,6.968615
Wh-1,NORTH,SKU-71,5.6384697
Wh-1,NORTH,SKU-72,6.498847
Wh-1,NORTH,SKU-73,1.9513087
Wh-1,NORTH,SKU-74,4.3268247
Wh-1,NORTH,SKU-75,1.8535852
Wh-1,NORTH,SKU-76,6.7957973
Wh-1,NORTH,SKU-77,5.4412174
Wh-1,NORTH,SKU-78,6.325365
Wh-1,NORTH,SKU-79,6.2560964
Wh-1,NORTH,SKU-80,5.3430066
Wh-1,NORTH,SKU-81,6.6220107
Wh-1,NORTH,SKU-82,5.753748
Wh-1,NORTH,SKU-83,3.5617814
Wh-1,NORTH,SKU-84,3.0670514
Wh-1,NORTH,SKU-85,1.2354159
Wh-1,NORTH,SKU-86,6.7971687
Wh-1,NORTH,SKU-87,6.819383
Wh-1,NORTH,SKU-88,6.712624
Wh-1,NORTH,SKU-89,5.702973
Wh-1,NORTH,SKU-90,6.4865656
Wh-1,NORTH,SKU-91,5.9572477
Wh-1,NORTH,SKU-92,6.2532206
Wh-1,NORTH,SKU-93,6.0484266
Wh-1,NORTH,SKU-94,5.0490055
Wh-1,NORTH,SKU-95,6.9433365
Wh-1,NORTH,SKU-96,6.3992333
Wh-1,NORTH,SKU-97,5.0315485
Wh-1,NORTH,SKU-98,6.473773
Wh-1,NORTH,SKU-99,6.7517576
Wh-1,NORTH,SKU-100,3.96494
Wh-1,NORTH,SKU-101,6.4190826
Wh-1,NORTH,SKU-102,6.48508
Wh-1,NORTH,SKU-103,5.647146
Wh-1,NORTH,SKU-104,6.5019245
Wh-1,NORTH,SKU-105,5.515236
Wh-1,NORTH,SKU-106,4.95215
Wh-1,NORTH,SKU-107,5.673635
Wh-1,NORTH,SKU-108,5.928527
Wh-1,NORTH,SKU-109,3.586179
Wh-1,NORTH,SKU-110,3.5849664
Wh-1,NORTH,SKU-111,4.3684683
Wh-1,NORTH,SKU-112,3.0070221
Wh-1,NORTH,SKU-113,2.825674
Wh-1,NORTH,SKU-114,6.0055885
Wh-1,NORTH,SKU-115,5.199795
Wh-1,NORTH,SKU-116,6.5849905
Wh-1,NORTH,SKU-117,2.6617143
Wh-1,NORTH,SKU-118,4.0303288
Wh-1,NORTH,SKU-119,6.329451
Wh-1,NORTH,SKU-120,5.7317677
Wh-1,NORTH,SKU-121,6.712624
Wh-1,NORTH,SKU-122,6.904379
Wh-1,NORTH,SKU-123,5.6286387
Wh-1,NORTH,SKU-124,6.9500546
Wh-1,NORTH,SKU-125,6.450593
Wh-1,NORTH,SKU-126,3.7035542
Wh-1,NORTH,SKU-127,6.31542
Wh-1,NORTH,SKU-128,4.0327773
Wh-1,NORTH,SKU-129,6.2312717
Wh-1,NORTH,SKU-130,3.7687948
Wh-1,NORTH,SKU-131,4.6129923
Wh-1,NORTH,SKU-132,6.367109
Wh-1,NORTH,SKU-133,6.498967
Wh-1,NORTH,SKU-134,6.243539
Wh-1,NORTH,SKU-135,5.3790264
Wh-1,NORTH,SKU-136,5.46994
Wh-1,NORTH,SKU-137,5.803312
Wh-1,NORTH,SKU-138,5.882465
Wh-1,NORTH,SKU-139,5.9689903
Wh-1,NORTH,SKU-140,6.2799892
Wh-1,NORTH,SKU-141,6.9929066
Wh-1,NORTH,SKU-142,6.6109962
Wh-1,NORTH,SKU-143,4.8969884
Wh-1,NORTH,SKU-144,5.7807074
Wh-1,NORTH,SKU-145,1.0861174
Wh-1,NORTH,SKU-146,6.132113
Wh-1,NORTH,SKU-147,5.155157
Wh-1,NORTH,SKU-148,6.79412
Wh-1,NORTH,SKU-149,5.945334
Wh-1,NORTH,SKU-150,6.668288
Wh-1,NORTH,SKU-151,3.2038941
Wh-1,NORTH,SKU-152,3.754082
Wh-1,NORTH,SKU-153,4.071783
Wh-1,NORTH,SKU-154,6.3188553
Wh-1,NORTH,SKU-155,4.380848
Wh-1,NORTH,SKU-156,6.8386884
Wh-1,NORTH,SKU-157,4.894685
Wh-1,NORTH,SKU-158,4.4161897
Wh-1,NORTH,SKU-159,3.1988013
Wh-1,NORTH,SKU-160,6.030904
Wh-1,NORTH,SKU-161,5.889908
Wh-1,NORTH,SKU-162,4.1815066
Wh-1,NORTH,SKU-163,3.3753536
Wh-1,NORTH,SKU-164,4.707608
Wh-1,NORTH,SKU-165,5.0315523
Wh-1,NORTH,SKU-166,5.1525693
Wh-1,NORTH,SKU-167,5.9287014
Wh-1,NORTH,SKU-168,4.795843
Wh-1,NORTH,SKU-169,4.8622627
Wh-1,NORTH,SKU-170,4.856874
Wh-1,NORTH,SKU-171,5.4853563
Wh-1,NORTH,SKU-172,6.7603874
Wh-1,NORTH,SKU-173,6.203252
Wh-1,NORTH,SKU-174,6.421049
Wh-1,NORTH,SKU-175,2.0523944
Wh-1,NORTH,SKU-176,4.922906
Wh-1,NORTH,SKU-177,5.9959
Wh-1,NORTH,SKU-178,3.3005564
Wh-1,NORTH,SKU-179,4.8384204
Wh-1,NORTH,SKU-180,4.8539047
Wh-1,NORTH,SKU-181,6.5635347
Wh-1,NORTH,SKU-182,6.928968
Wh-1,NORTH,SKU-183,5.9344845
Wh-1,NORTH,SKU-184,6.808226
Wh-1,NORTH,SKU-185,5.609919
Wh-1,NORTH,SKU-186,6.610592
Wh-1,NORTH,SKU-187,6.6793203
Wh-1,NORTH,SKU-188,6.405448
Wh-1,NORTH,SKU-189,5.707671
Wh-1,NORTH,SKU-190,6.3706527
Wh-1,NORTH,SKU-191,6.756562
Wh-1,NORTH,SKU-192,6.784169
Wh-1,NORTH,SKU-193,6.513482
Wh-1,NORTH,SKU-194,5.2427664
Wh-1,NORTH,SKU-195,6.962874
Wh-1,NORTH,SKU-196,5.0194845
Wh-1,NORTH,SKU-197,6.472159
Wh-1,NORTH,SKU-198,4.721359
Wh-1,NORTH,SKU-199,6.3452325
Wh-1,NORTH,SKU-200,6.222908
Wh-1,NORTH,SKU-201,6.7272162
Wh-1,NORTH,SKU-202,5.3910675
Wh-1,NORTH,SKU-203,6.3376513
Wh-1,NORTH,SKU-204,3.6208293
Wh-1,NORTH,SKU-205,5.8382306
Wh-1,NORTH,SKU-206,4.740001
Wh-1,NORTH,SKU-207,1.6213694
Wh-1,NORTH,SKU-208,5.097275
Wh-1,NORTH,SKU-209,5.2230453
Wh-1,NORTH,SKU-210,6.614871
Wh-1,NORTH,SKU-211,5.077835
Wh-1,NORTH,SKU-212,5.6184616
Wh-1,NORTH,SKU-213,-0.21486792
Wh-1,NORTH,SKU-214,2.961559
Wh-1,NORTH,SKU-215,3.7811873
Wh-1,NORTH,SKU-216,6.4888496
Wh-1,NORTH,SKU-217,4.882415
Wh-1,NORTH,SKU-218,6.589328
Wh-1,NORTH,SKU-219,6.5916615
Wh-1,NORTH,SKU-220,5.189372
Wh-1,NORTH,SKU-221,5.1847067
Wh-1,NORTH,SKU-222,5.157654
Wh-1,NORTH,SKU-223,5.1381493
Wh-1,NORTH,SKU-224,6.099987
Wh-1,NORTH,SKU-225,4.7731566
Wh-1,NORTH,SKU-226,5.771144
Wh-1,NORTH,SKU-227,6.877841
Wh-1,NORTH,SKU-228,5.258175
Wh-1,NORTH,SKU-229,5.385465
Wh-1,NORTH,SKU-230,5.1250896
Wh-1,NORTH,SKU-231,6.1046963
Wh-1,NORTH,SKU-232,4.6583767
Wh-1,NORTH,SKU-233,5.5336027
Wh-2,EAST,SKU-1,3.9905927
Wh-2,EAST,SKU-2,6.7627
Wh-2,EAST,SKU-3,6.806253
Wh-2,EAST,SKU-4,5.5830927
Wh-2,EAST,SKU-5,6.9428787
Wh-2,EAST,SKU-6,6.788915
Wh-2,EAST,SKU-7,6.490283
Wh-2,EAST,SKU-403,4.828679
Wh-2,EAST,SKU-8,6.8045387
Wh-2,EAST,SKU-234,6.636815
Wh-2,EAST,SKU-9,6.715809
Wh-2,EAST,SKU-10,3.453642
Wh-2,EAST,SKU-13,6.278999
Wh-2,EAST,SKU-17,6.2319937
Wh-2,EAST,SKU-20,3.6154215
Wh-2,EAST,SKU-352,6.4728384
Wh-2,EAST,SKU-21,6.28944
Wh-2,EAST,SKU-22,6.820266
Wh-2,EAST,SKU-23,5.194894
Wh-2,EAST,SKU-24,5.0761175
Wh-2,EAST,SKU-25,6.0401173
Wh-2,EAST,SKU-26,5.557875
Wh-2,EAST,SKU-27,5.669441
Wh-2,EAST,SKU-28,5.555254
Wh-2,EAST,SKU-29,6.5798297
Wh-2,EAST,SKU-30,6.683143
Wh-2,EAST,SKU-31,6.2170997
Wh-2,EAST,SKU-32,6.1293335
Wh-2,EAST,SKU-33,6.329112
Wh-2,EAST,SKU-237,6.875969
Wh-2,EAST,SKU-34,6.071337
Wh-2,EAST,SKU-239,5.5904045
Wh-2,EAST,SKU-240,4.185277
Wh-2,EAST,SKU-36,5.0719337
Wh-2,EAST,SKU-37,6.80877
Wh-2,EAST,SKU-39,6.7207003
Wh-2,EAST,SKU-40,6.706929
Wh-2,EAST,SKU-41,5.975815
Wh-2,EAST,SKU-44,6.74082
Wh-2,EAST,SKU-45,5.2189245
Wh-2,EAST,SKU-47,6.7146378
Wh-2,EAST,SKU-50,6.947212
Wh-2,EAST,SKU-51,6.2938395
Wh-2,EAST,SKU-53,6.126646
Wh-2,EAST,SKU-56,5.20075
Wh-2,EAST,SKU-57,5.9477825
Wh-2,EAST,SKU-59,5.676458
Wh-2,EAST,SKU-62,6.692444
Wh-2,EAST,SKU-66,2.851638
Wh-2,EAST,SKU-67,6.1579266
Wh-2,EAST,SKU-244,5.537154
Wh-2,EAST,SKU-69,6.712624
Wh-2,EAST,SKU-70,6.614975
Wh-2,EAST,SKU-71,6.3091984
Wh-2,EAST,SKU-72,6.41722
Wh-2,EAST,SKU-73,6.2638884
Wh-2,EAST,SKU-328,6.4576173
Wh-2,EAST,SKU-76,3.757575
Wh-2,EAST,SKU-77,6.648488
Wh-2,EAST,SKU-78,6.1444907
Wh-2,EAST,SKU-79,6.3449254
Wh-2,EAST,SKU-248,5.99796
Wh-2,EAST,SKU-404,6.753698
Wh-2,EAST,SKU-80,6.741797
Wh-2,EAST,SKU-81,5.7320423
Wh-2,EAST,SKU-82,5.8530684
Wh-2,EAST,SKU-84,4.1255927
Wh-2,EAST,SKU-86,6.162919
Wh-2,EAST,SKU-250,6.4703684
Wh-2,EAST,SKU-87,2.9801433
Wh-2,EAST,SKU-359,6.392972
Wh-2,EAST,SKU-88,6.756835
Wh-2,EAST,SKU-251,6.6711664
Wh-2,EAST,SKU-361,5.773945
Wh-2,EAST,SKU-89,5.671694
Wh-2,EAST,SKU-97,6.4714375
Wh-2,EAST,SKU-329,5.4303885
Wh-2,EAST,SKU-330,5.6299715
Wh-2,EAST,SKU-332,3.620772
Wh-2,EAST,SKU-257,6.3241215
Wh-2,EAST,SKU-258,3.7830126
Wh-2,EAST,SKU-259,5.526925
Wh-2,EAST,SKU-260,5.8173757
Wh-2,EAST,SKU-261,4.084751
Wh-2,EAST,SKU-262,5.2218723
Wh-2,EAST,SKU-263,6.4400873
Wh-2,EAST,SKU-264,6.7126245
Wh-2,EAST,SKU-265,1.7123024
Wh-2,EAST,SKU-267,6.4844
Wh-2,EAST,SKU-268,6.712624
Wh-2,EAST,SKU-269,6.7508354
Wh-2,EAST,SKU-270,6.423821
Wh-2,EAST,SKU-271,6.539228
Wh-2,EAST,SKU-272,4.721978
Wh-2,EAST,SKU-275,6.473694
Wh-2,EAST,SKU-276,6.465025
Wh-2,EAST,SKU-278,6.5695662
Wh-2,EAST,SKU-405,4.9682307
Wh-2,EAST,SKU-106,6.8765936
Wh-2,EAST,SKU-107,6.821368
Wh-2,EAST,SKU-108,6.6192875
Wh-2,EAST,SKU-109,5.6682167
Wh-2,EAST,SKU-110,6.6965313
Wh-2,EAST,SKU-111,6.471325
Wh-2,EAST,SKU-112,6.7075725
Wh-2,EAST,SKU-113,6.8045387
Wh-2,EAST,SKU-114,6.7200217
Wh-2,EAST,SKU-115,6.758644
Wh-2,EAST,SKU-116,6.4316382
Wh-2,EAST,SKU-117,6.7578626
Wh-2,EAST,SKU-118,5.314609
Wh-2,EAST,SKU-119,3.940711
Wh-2,EAST,SKU-120,6.1827536
Wh-2,EAST,SKU-287,6.7487354
Wh-2,EAST,SKU-337,6.668003
Wh-2,EAST,SKU-121,6.917846
Wh-2,EAST,SKU-288,6.0838833
Wh-2,EAST,SKU-123,6.8759694
Wh-2,EAST,SKU-289,6.607997
Wh-2,EAST,SKU-406,2.9076755
Wh-2,EAST,SKU-407,5.675049
Wh-2,EAST,SKU-124,6.875969
Wh-2,EAST,SKU-338,5.666701
Wh-2,EAST,SKU-408,5.3729835
Wh-2,EAST,SKU-339,4.424183
Wh-2,EAST,SKU-340,3.6027286
Wh-2,EAST,SKU-125,6.428341
Wh-2,EAST,SKU-126,5.2527785
Wh-2,EAST,SKU-127,6.8765874
Wh-2,EAST,SKU-342,6.4075127
Wh-2,EAST,SKU-291,4.278831
Wh-2,EAST,SKU-343,6.9462967
Wh-2,EAST,SKU-292,6.5671477
Wh-2,EAST,SKU-409,6.1049542
Wh-2,EAST,SKU-132,6.8045387
Wh-2,EAST,SKU-133,6.8798227
Wh-2,EAST,SKU-134,6.8045387
Wh-2,EAST,SKU-344,4.0680103
Wh-2,EAST,SKU-410,4.4027543
Wh-2,EAST,SKU-138,5.4376144
Wh-2,EAST,SKU-139,6.566179
Wh-2,EAST,SKU-140,6.712624
Wh-2,EAST,SKU-141,6.9678526
Wh-2,EAST,SKU-345,6.8765874
Wh-2,EAST,SKU-411,6.4879975
Wh-2,EAST,SKU-412,6.051691
Wh-2,EAST,SKU-144,5.7357917
Wh-2,EAST,SKU-146,5.0814986
Wh-2,EAST,SKU-386,5.526985
Wh-2,EAST,SKU-147,6.4606876
Wh-2,EAST,SKU-293,6.700496
Wh-2,EAST,SKU-148,6.712624
Wh-2,EAST,SKU-149,6.7187853
Wh-2,EAST,SKU-387,5.429736
Wh-2,EAST,SKU-150,6.712624
Wh-2,EAST,SKU-151,6.3609776
Wh-2,EAST,SKU-152,6.4302006
Wh-2,EAST,SKU-413,5.9694314
Wh-2,EAST,SKU-389,6.2606206
Wh-2,EAST,SKU-157,5.7162795
Wh-2,EAST,SKU-158,6.7280173
Wh-2,EAST,SKU-161,6.2838955
Wh-2,EAST,SKU-162,5.701662
Wh-2,EAST,SKU-163,6.52386
Wh-2,EAST,SKU-164,6.488496
Wh-2,EAST,SKU-165,6.753511
Wh-2,EAST,SKU-166,5.537669
Wh-2,EAST,SKU-167,6.760696
Wh-2,EAST,SKU-297,6.1001663
Wh-2,EAST,SKU-172,6.2140837
Wh-2,EAST,SKU-178,6.833687
Wh-2,EAST,SKU-179,6.6374674
Wh-2,EAST,SKU-182,6.128343
Wh-2,EAST,SKU-185,6.645672
Wh-2,EAST,SKU-186,6.4077735
Wh-2,EAST,SKU-392,6.637129
Wh-2,EAST,SKU-187,6.766579
Wh-2,EAST,SKU-189,6.385434
Wh-2,EAST,SKU-190,6.1420755
Wh-2,EAST,SKU-194,6.4232497
Wh-2,EAST,SKU-195,6.3348894
Wh-2,EAST,SKU-196,5.460617
Wh-2,EAST,SKU-198,3.1795185
Wh-2,EAST,SKU-199,6.130149
Wh-2,EAST,SKU-306,4.5902815
Wh-2,EAST,SKU-312,6.7603874
Wh-2,EAST,SKU-315,5.579969
Wh-2,EAST,SKU-316,6.553809
Wh-2,EAST,SKU-319,6.414744
Wh-2,EAST,SKU-321,6.1828756
Wh-2,EAST,SKU-322,5.545579
Wh-2,EAST,SKU-399,4.792244
Wh-2,EAST,SKU-205,5.434165
Wh-2,EAST,SKU-206,6.782741
Wh-2,EAST,SKU-208,4.322134
Wh-2,EAST,SKU-210,5.7251186
Wh-2,EAST,SKU-211,6.6638937
Wh-2,EAST,SKU-214,4.3926716
Wh-2,EAST,SKU-216,5.336667
Wh-2,EAST,SKU-217,4.0158753
Wh-2,EAST,SKU-414,5.15149
Wh-2,EAST,SKU-219,6.791258
Wh-2,EAST,SKU-220,6.676615
Wh-2,EAST,SKU-221,6.9581137
Wh-2,EAST,SKU-224,6.6416187
Wh-2,EAST,SKU-225,6.6253576
Wh-2,EAST,SKU-226,6.277651
Wh-2,EAST,SKU-230,6.7533264
Wh-2,EAST,SKU-231,5.5675855
Wh-2,EAST,SKU-232,6.0132227
Wh-2,EAST,SKU-233,5.498631
Wh-2,EAST,SKU-415,5.2177114
Wh-3,WEST,SKU-1,6.750432
Wh-3,WEST,SKU-2,6.2904572
Wh-3,WEST,SKU-3,6.493168
Wh-3,WEST,SKU-4,6.8333216
Wh-3,WEST,SKU-5,6.313654
Wh-3,WEST,SKU-6,6.1109047
Wh-3,WEST,SKU-350,5.116997
Wh-3,WEST,SKU-7,6.8045387
Wh-3,WEST,SKU-8,6.7113514
Wh-3,WEST,SKU-234,6.5972223
Wh-3,WEST,SKU-9,6.804508
Wh-3,WEST,SKU-10,6.7345247
Wh-3,WEST,SKU-13,6.726636
Wh-3,WEST,SKU-17,6.4207687
Wh-3,WEST,SKU-327,6.850918
Wh-3,WEST,SKU-19,6.820572
Wh-3,WEST,SKU-351,6.9258614
Wh-3,WEST,SKU-236,5.271007
Wh-3,WEST,SKU-20,5.9950795
Wh-3,WEST,SKU-352,6.4065714
Wh-3,WEST,SKU-353,5.4042044
Wh-3,WEST,SKU-21,5.485461
Wh-3,WEST,SKU-22,6.6102753
Wh-3,WEST,SKU-23,6.408855
Wh-3,WEST,SKU-24,6.542574
Wh-3,WEST,SKU-25,6.13524
Wh-3,WEST,SKU-26,5.6179705
Wh-3,WEST,SKU-27,5.6479015
Wh-3,WEST,SKU-28,5.979231
Wh-3,WEST,SKU-29,4.4572177
Wh-3,WEST,SKU-30,6.5594106
Wh-3,WEST,SKU-31,5.693191
Wh-3,WEST,SKU-32,5.48073
Wh-3,WEST,SKU-33,6.1284237
Wh-3,WEST,SKU-237,6.3872604
Wh-3,WEST,SKU-34,5.7016044
Wh-3,WEST,SKU-239,3.3694732
Wh-3,WEST,SKU-240,4.3456163
Wh-3,WEST,SKU-354,4.3263454
Wh-3,WEST,SKU-35,5.8548555
Wh-3,WEST,SKU-36,5.0003057
Wh-3,WEST,SKU-241,6.8044214
Wh-3,WEST,SKU-37,6.0455337
Wh-3,WEST,SKU-38,6.3666925
Wh-3,WEST,SKU-39,6.3066435
Wh-3,WEST,SKU-40,6.249651
Wh-3,WEST,SKU-41,5.320917
Wh-3,WEST,SKU-355,5.5990915
Wh-3,WEST,SKU-243,6.609339
Wh-3,WEST,SKU-42,5.5840583
Wh-3,WEST,SKU-43,5.811763
Wh-3,WEST,SKU-44,6.432271
Wh-3,WEST,SKU-356,6.8245964
Wh-3,WEST,SKU-45,6.0773983
Wh-3,WEST,SKU-46,6.7123775
Wh-3,WEST,SKU-47,6.399201
Wh-3,WEST,SKU-49,5.833102
Wh-3,WEST,SKU-50,6.7943306
Wh-3,WEST,SKU-51,6.2496967
Wh-3,WEST,SKU-53,5.715104
Wh-3,WEST,SKU-54,6.9587297
Wh-3,WEST,SKU-55,6.5129633
Wh-3,WEST,SKU-56,4.3155375
Wh-3,WEST,SKU-57,6.5413246
Wh-3,WEST,SKU-58,6.505624
Wh-3,WEST,SKU-59,5.3439794
Wh-3,WEST,SKU-357,4.095722
Wh-3,WEST,SKU-60,6.0328493
Wh-3,WEST,SKU-61,1.5585675
Wh-3,WEST,SKU-62,6.179259
Wh-3,WEST,SKU-63,6.63912
Wh-3,WEST,SKU-66,5.688504
Wh-3,WEST,SKU-67,5.977821
Wh-3,WEST,SKU-244,6.5339003
Wh-3,WEST,SKU-68,6.7406664
Wh-3,WEST,SKU-69,6.3070307
Wh-3,WEST,SKU-70,6.711319
Wh-3,WEST,SKU-71,6.811272
Wh-3,WEST,SKU-72,6.243775
Wh-3,WEST,SKU-74,5.7114143
Wh-3,WEST,SKU-75,3.056443
Wh-3,WEST,SKU-328,6.4756436
Wh-3,WEST,SKU-76,6.8681808
Wh-3,WEST,SKU-77,4.4901595
Wh-3,WEST,SKU-78,6.8045387
Wh-3,WEST,SKU-79,6.3821507
Wh-3,WEST,SKU-80,5.2932987
Wh-3,WEST,SKU-81,6.7170286
Wh-3,WEST,SKU-82,5.7620783
Wh-3,WEST,SKU-358,6.5603094
Wh-3,WEST,SKU-83,5.1955166
Wh-3,WEST,SKU-84,6.14481
Wh-3,WEST,SKU-85,2.9920504
Wh-3,WEST,SKU-86,5.728801
Wh-3,WEST,SKU-250,6.4265223
Wh-3,WEST,SKU-87,3.4775019
Wh-3,WEST,SKU-359,5.8377094
Wh-3,WEST,SKU-88,6.4076004
Wh-3,WEST,SKU-360,6.636468
Wh-3,WEST,SKU-251,6.6880255
Wh-3,WEST,SKU-361,6.0422645
Wh-3,WEST,SKU-89,6.40917
Wh-3,WEST,SKU-90,6.6901164
Wh-3,WEST,SKU-91,6.3267145
Wh-3,WEST,SKU-92,6.7444763
Wh-3,WEST,SKU-93,6.728372
Wh-3,WEST,SKU-94,6.6917496
Wh-3,WEST,SKU-97,6.5407495
Wh-3,WEST,SKU-98,5.7784595
Wh-3,WEST,SKU-252,6.6843414
Wh-3,WEST,SKU-253,6.312971
Wh-3,WEST,SKU-362,6.7497067
Wh-3,WEST,SKU-254,6.7478666
Wh-3,WEST,SKU-331,6.6204553
Wh-3,WEST,SKU-363,5.984662
Wh-3,WEST,SKU-364,6.097835
Wh-3,WEST,SKU-255,6.711319
Wh-3,WEST,SKU-332,6.1387606
Wh-3,WEST,SKU-365,3.6213367
Wh-3,WEST,SKU-256,6.321999
Wh-3,WEST,SKU-366,6.973851
Wh-3,WEST,SKU-367,6.8064213
Wh-3,WEST,SKU-257,6.6204553
Wh-3,WEST,SKU-368,5.496065
Wh-3,WEST,SKU-369,6.765067
Wh-3,WEST,SKU-370,5.8048315
Wh-3,WEST,SKU-371,6.1352434
Wh-3,WEST,SKU-258,6.321999
Wh-3,WEST,SKU-372,6.6953263
Wh-3,WEST,SKU-373,6.3080873
Wh-3,WEST,SKU-259,5.749402
Wh-3,WEST,SKU-260,5.804496
Wh-3,WEST,SKU-261,5.819282
Wh-3,WEST,SKU-262,5.0625753
Wh-3,WEST,SKU-263,6.608554
Wh-3,WEST,SKU-264,6.9002256
Wh-3,WEST,SKU-265,6.4518566
Wh-3,WEST,SKU-266,4.846826
Wh-3,WEST,SKU-267,6.115594
Wh-3,WEST,SKU-268,6.52826
Wh-3,WEST,SKU-374,3.843326
Wh-3,WEST,SKU-269,6.4076266
Wh-3,WEST,SKU-270,6.411596
Wh-3,WEST,SKU-271,6.6074724
Wh-3,WEST,SKU-272,6.2672443
Wh-3,WEST,SKU-273,6.743326
Wh-3,WEST,SKU-274,6.40065
Wh-3,WEST,SKU-275,5.6350245
Wh-3,WEST,SKU-277,5.7907414
Wh-3,WEST,SKU-278,6.804012
Wh-3,WEST,SKU-279,5.440679
Wh-3,WEST,SKU-280,5.9077663
Wh-3,WEST,SKU-281,6.1643696
Wh-3,WEST,SKU-282,6.054821
Wh-3,WEST,SKU-283,6.670946
Wh-3,WEST,SKU-375,6.78289
Wh-3,WEST,SKU-376,6.9538765
Wh-3,WEST,SKU-284,6.998274
Wh-3,WEST,SKU-285,6.5427046
Wh-3,WEST,SKU-377,6.844657
Wh-3,WEST,SKU-378,6.51849
Wh-3,WEST,SKU-123,6.753701
Wh-3,WEST,SKU-289,6.804092
Wh-3,WEST,SKU-124,2.690632
Wh-3,WEST,SKU-339,6.2544394
Wh-3,WEST,SKU-341,6.0573263
Wh-3,WEST,SKU-290,5.390344
Wh-3,WEST,SKU-126,5.7831707
Wh-3,WEST,SKU-127,3.9492705
Wh-3,WEST,SKU-291,2.7434278
Wh-3,WEST,SKU-343,6.2273293
Wh-3,WEST,SKU-292,6.1581955
Wh-3,WEST,SKU-128,4.966796
Wh-3,WEST,SKU-379,3.846135
Wh-3,WEST,SKU-380,3.8779132
Wh-3,WEST,SKU-381,4.4274583
Wh-3,WEST,SKU-132,6.7126284
Wh-3,WEST,SKU-133,6.4429893
Wh-3,WEST,SKU-134,2.714946
Wh-3,WEST,SKU-382,6.3928556
Wh-3,WEST,SKU-383,2.4092605
Wh-3,WEST,SKU-137,3.5999076
Wh-3,WEST,SKU-139,5.286371
Wh-3,WEST,SKU-140,4.114853
Wh-3,WEST,SKU-141,4.589736
Wh-3,WEST,SKU-144,6.4169855
Wh-3,WEST,SKU-145,6.6226645
Wh-3,WEST,SKU-146,4.5256896
Wh-3,WEST,SKU-384,6.7475986
Wh-3,WEST,SKU-385,6.666909
Wh-3,WEST,SKU-386,6.2181892
Wh-3,WEST,SKU-147,3.6014261
Wh-3,WEST,SKU-293,6.1648626
Wh-3,WEST,SKU-148,6.7869654
Wh-3,WEST,SKU-149,6.3992014
Wh-3,WEST,SKU-387,5.825988
Wh-3,WEST,SKU-150,6.841653
Wh-3,WEST,SKU-151,6.364737
Wh-3,WEST,SKU-388,5.078572
Wh-3,WEST,SKU-152,6.3827915
Wh-3,WEST,SKU-154,6.3747964
Wh-3,WEST,SKU-155,5.7774835
Wh-3,WEST,SKU-156,4.499867
Wh-3,WEST,SKU-389,2.3788617
Wh-3,WEST,SKU-157,4.7391076
Wh-3,WEST,SKU-390,6.0118504
Wh-3,WEST,SKU-158,5.520746
Wh-3,WEST,SKU-159,6.83708
Wh-3,WEST,SKU-160,5.303964
Wh-3,WEST,SKU-161,6.439334
Wh-3,WEST,SKU-162,6.353363
Wh-3,WEST,SKU-163,6.563758
Wh-3,WEST,SKU-164,5.1554484
Wh-3,WEST,SKU-165,5.2927966
Wh-3,WEST,SKU-166,4.808006
Wh-3,WEST,SKU-167,4.907741
Wh-3,WEST,SKU-168,6.674936
Wh-3,WEST,SKU-297,5.2348804
Wh-3,WEST,SKU-169,4.62257
Wh-3,WEST,SKU-391,6.2140837
Wh-3,WEST,SKU-170,6.3231716
Wh-3,WEST,SKU-171,4.7601414
Wh-3,WEST,SKU-172,4.723878
Wh-3,WEST,SKU-299,5.1698456
Wh-3,WEST,SKU-173,6.8045387
Wh-3,WEST,SKU-174,5.1859074
Wh-3,WEST,SKU-175,6.3759193
Wh-3,WEST,SKU-176,6.890017
Wh-3,WEST,SKU-177,5.8237224
Wh-3,WEST,SKU-178,6.804076
Wh-3,WEST,SKU-179,5.954507
Wh-3,WEST,SKU-180,6.885948
Wh-3,WEST,SKU-181,4.995074
Wh-3,WEST,SKU-182,6.7526684
Wh-3,WEST,SKU-183,6.7023983
Wh-3,WEST,SKU-184,3.7451355
Wh-3,WEST,SKU-185,5.6878924
Wh-3,WEST,SKU-300,6.431189
Wh-3,WEST,SKU-301,4.7100983
Wh-3,WEST,SKU-186,6.58977
Wh-3,WEST,SKU-392,6.7112875
Wh-3,WEST,SKU-187,6.3312197
Wh-3,WEST,SKU-302,6.721729
Wh-3,WEST,SKU-188,5.822583
Wh-3,WEST,SKU-189,6.7986155
Wh-3,WEST,SKU-190,4.562909
Wh-3,WEST,SKU-192,6.732368
Wh-3,WEST,SKU-193,5.88961
Wh-3,WEST,SKU-194,6.206919
Wh-3,WEST,SKU-195,6.8254166
Wh-3,WEST,SKU-196,2.7429338
Wh-3,WEST,SKU-197,4.7393255
Wh-3,WEST,SKU-198,6.286709
Wh-3,WEST,SKU-199,5.080537
Wh-3,WEST,SKU-200,5.971266
Wh-3,WEST,SKU-201,6.3946204
Wh-3,WEST,SKU-202,5.6325755
Wh-3,WEST,SKU-203,5.960023
Wh-3,WEST,SKU-393,6.7619767
Wh-3,WEST,SKU-204,6.166773
Wh-3,WEST,SKU-306,6.6327343
Wh-3,WEST,SKU-394,6.765067
Wh-3,WEST,SKU-395,6.7515163
Wh-3,WEST,SKU-314,4.1521482
Wh-3,WEST,SKU-315,4.3009143
Wh-3,WEST,SKU-316,4.1474495
Wh-3,WEST,SKU-317,4.3268867
Wh-3,WEST,SKU-318,4.469754
Wh-3,WEST,SKU-319,5.9572678
Wh-3,WEST,SKU-320,3.7951834
Wh-3,WEST,SKU-321,6.2723265
Wh-3,WEST,SKU-322,6.049304
Wh-3,WEST,SKU-323,5.340811
Wh-3,WEST,SKU-324,3.5504272
Wh-3,WEST,SKU-325,3.3617847
Wh-3,WEST,SKU-326,3.301855
Wh-3,WEST,SKU-396,6.798663
Wh-3,WEST,SKU-397,3.8197463
Wh-3,WEST,SKU-398,6.6869044
Wh-3,WEST,SKU-399,4.9753227
Wh-3,WEST,SKU-400,5.2313595
Wh-3,WEST,SKU-205,6.2287817
Wh-3,WEST,SKU-206,4.755636
Wh-3,WEST,SKU-207,6.8434887
Wh-3,WEST,SKU-208,6.080846
Wh-3,WEST,SKU-209,3.9892447
Wh-3,WEST,SKU-210,6.439218
Wh-3,WEST,SKU-211,5.8473754
Wh-3,WEST,SKU-214,6.4314337
Wh-3,WEST,SKU-215,6.073493
Wh-3,WEST,SKU-217,5.910905
Wh-3,WEST,SKU-218,4.367975
Wh-3,WEST,SKU-219,3.3881187
Wh-3,WEST,SKU-220,5.635272
Wh-3,WEST,SKU-221,6.859418
Wh-3,WEST,SKU-401,2.6663346
Wh-3,WEST,SKU-222,4.8960843
Wh-3,WEST,SKU-223,5.845865
Wh-3,WEST,SKU-224,4.1162415
Wh-3,WEST,SKU-225,1.5735567
Wh-3,WEST,SKU-226,5.9005127
Wh-3,WEST,SKU-402,5.389839
Wh-3,WEST,SKU-227,4.4218707
Wh-3,WEST,SKU-229,6.625666
Wh-3,WEST,SKU-230,5.846529
Wh-3,WEST,SKU-231,5.568035
Wh-3,WEST,SKU-232,6.054987
Wh-3,WEST,SKU-233,4.206351
Wh-4,SOUTH,SKU-1,3.0524309
Wh-4,SOUTH,SKU-2,6.3483043
Wh-4,SOUTH,SKU-3,6.701493
Wh-4,SOUTH,SKU-4,2.6515086
Wh-4,SOUTH,SKU-5,5.748294
Wh-4,SOUTH,SKU-6,5.676695
Wh-4,SOUTH,SKU-7,6.841653
Wh-4,SOUTH,SKU-8,6.8045387
Wh-4,SOUTH,SKU-234,6.7126307
Wh-4,SOUTH,SKU-9,6.9971323
Wh-4,SOUTH,SKU-10,6.7753
Wh-4,SOUTH,SKU-13,6.6282578
Wh-4,SOUTH,SKU-17,5.5487447
Wh-4,SOUTH,SKU-327,5.0782766
Wh-4,SOUTH,SKU-19,6.4001064
Wh-4,SOUTH,SKU-351,6.790346
Wh-4,SOUTH,SKU-20,6.6641936
Wh-4,SOUTH,SKU-353,6.4263086
Wh-4,SOUTH,SKU-21,4.246768
Wh-4,SOUTH,SKU-22,6.2464437
Wh-4,SOUTH,SKU-23,6.711717
Wh-4,SOUTH,SKU-24,5.546068
Wh-4,SOUTH,SKU-25,5.9635334
Wh-4,SOUTH,SKU-26,5.0941114
Wh-4,SOUTH,SKU-27,5.661841
Wh-4,SOUTH,SKU-28,5.3017015
Wh-4,SOUTH,SKU-29,5.819208
Wh-4,SOUTH,SKU-30,6.3241124
Wh-4,SOUTH,SKU-31,6.1939573
Wh-4,SOUTH,SKU-32,5.439853
Wh-4,SOUTH,SKU-33,5.4108176
Wh-4,SOUTH,SKU-237,5.569234
Wh-4,SOUTH,SKU-34,3.9634664
Wh-4,SOUTH,SKU-239,3.7822728
Wh-4,SOUTH,SKU-240,4.3363805
Wh-4,SOUTH,SKU-354,5.0706434
Wh-4,SOUTH,SKU-35,5.51287
Wh-4,SOUTH,SKU-36,5.888276
Wh-4,SOUTH,SKU-37,6.336758
Wh-4,SOUTH,SKU-39,6.712624
Wh-4,SOUTH,SKU-40,6.6204553
Wh-4,SOUTH,SKU-41,6.250616
Wh-4,SOUTH,SKU-243,6.8251476
Wh-4,SOUTH,SKU-42,5.7929354
Wh-4,SOUTH,SKU-43,5.8059034
Wh-4,SOUTH,SKU-44,6.406844
Wh-4,SOUTH,SKU-45,1.2235167
Wh-4,SOUTH,SKU-46,5.9634914
Wh-4,SOUTH,SKU-47,6.5138683
Wh-4,SOUTH,SKU-50,6.376692
Wh-4,SOUTH,SKU-51,6.726636
Wh-4,SOUTH,SKU-53,6.6324725
Wh-4,SOUTH,SKU-54,5.4070206
Wh-4,SOUTH,SKU-55,6.785515
Wh-4,SOUTH,SKU-56,5.9460816
Wh-4,SOUTH,SKU-57,6.2762675
Wh-4,SOUTH,SKU-58,6.0532923
Wh-4,SOUTH,SKU-59,4.8330717
Wh-4,SOUTH,SKU-60,2.8134162
Wh-4,SOUTH,SKU-61,3.4984822
Wh-4,SOUTH,SKU-62,5.5761957
Wh-4,SOUTH,SKU-63,6.3395357
Wh-4,SOUTH,SKU-416,6.1832933
Wh-4,SOUTH,SKU-64,6.343954
Wh-4,SOUTH,SKU-65,6.8672733
Wh-4,SOUTH,SKU-66,6.4131465
Wh-4,SOUTH,SKU-67,5.00663
Wh-4,SOUTH,SKU-244,6.435737
Wh-4,SOUTH,SKU-69,6.8765874
Wh-4,SOUTH,SKU-70,6.622773
Wh-4,SOUTH,SKU-71,6.8074775
Wh-4,SOUTH,SKU-72,6.7126265
Wh-4,SOUTH,SKU-73,6.478504
Wh-4,SOUTH,SKU-74,6.284589
Wh-4,SOUTH,SKU-245,5.5124207
Wh-4,SOUTH,SKU-246,6.2638664
Wh-4,SOUTH,SKU-76,6.4807997
Wh-4,SOUTH,SKU-77,6.4659567
Wh-4,SOUTH,SKU-78,5.8375616
Wh-4,SOUTH,SKU-79,6.169392
Wh-4,SOUTH,SKU-248,5.7712994
Wh-4,SOUTH,SKU-404,6.825135
Wh-4,SOUTH,SKU-417,6.752879
Wh-4,SOUTH,SKU-80,6.8333325
Wh-4,SOUTH,SKU-81,6.7004156
Wh-4,SOUTH,SKU-82,6.5544033
Wh-4,SOUTH,SKU-84,5.2640853
Wh-4,SOUTH,SKU-86,6.6956615
Wh-4,SOUTH,SKU-250,6.8333325
Wh-4,SOUTH,SKU-87,6.7458334
Wh-4,SOUTH,SKU-359,6.513921
Wh-4,SOUTH,SKU-88,6.875969
Wh-4,SOUTH,SKU-251,6.3654785
Wh-4,SOUTH,SKU-361,6.0262275
Wh-4,SOUTH,SKU-89,6.508669
Wh-4,SOUTH,SKU-90,6.370967
Wh-4,SOUTH,SKU-92,5.5366125
Wh-4,SOUTH,SKU-93,5.7291875
Wh-4,SOUTH,SKU-95,5.7714643
Wh-4,SOUTH,SKU-418,6.470231
Wh-4,SOUTH,SKU-97,6.7216053
Wh-4,SOUTH,SKU-98,6.4485316
Wh-4,SOUTH,SKU-252,5.972062
Wh-4,SOUTH,SKU-253,5.408451
Wh-4,SOUTH,SKU-362,5.544119
Wh-4,SOUTH,SKU-419,5.969582
Wh-4,SOUTH,SKU-254,5.3182983
Wh-4,SOUTH,SKU-331,6.6173477
Wh-4,SOUTH,SKU-255,6.245119
Wh-4,SOUTH,SKU-332,6.1208777
Wh-4,SOUTH,SKU-256,6.744725
Wh-4,SOUTH,SKU-257,6.711319
Wh-4,SOUTH,SKU-368,5.1246815
Wh-4,SOUTH,SKU-258,6.6204553
Wh-4,SOUTH,SKU-373,4.3228383
Wh-4,SOUTH,SKU-259,6.213741
Wh-4,SOUTH,SKU-260,6.147867
Wh-4,SOUTH,SKU-261,5.259672
Wh-4,SOUTH,SKU-263,6.9547796
Wh-4,SOUTH,SKU-264,6.841653
Wh-4,SOUTH,SKU-267,6.769148
Wh-4,SOUTH,SKU-268,6.7635455
Wh-4,SOUTH,SKU-269,6.745096
Wh-4,SOUTH,SKU-270,6.7221413
Wh-4,SOUTH,SKU-271,6.8045387
Wh-4,SOUTH,SKU-272,6.282789
Wh-4,SOUTH,SKU-420,5.7564754
Wh-4,SOUTH,SKU-273,5.6190615
Wh-4,SOUTH,SKU-274,4.933939
Wh-4,SOUTH,SKU-275,6.4077106
Wh-4,SOUTH,SKU-276,6.47781
Wh-4,SOUTH,SKU-277,6.1075068
Wh-4,SOUTH,SKU-278,6.4989843
Wh-4,SOUTH,SKU-279,5.8409643
Wh-4,SOUTH,SKU-280,5.299609
Wh-4,SOUTH,SKU-281,6.160933
Wh-4,SOUTH,SKU-282,6.3152537
Wh-4,SOUTH,SKU-375,6.786214
Wh-4,SOUTH,SKU-284,4.7773
Wh-4,SOUTH,SKU-285,6.4229174
Wh-4,SOUTH,SKU-377,6.051788
Wh-4,SOUTH,SKU-286,6.196468
Wh-4,SOUTH,SKU-421,6.7681665
Wh-4,SOUTH,SKU-101,6.2778063
Wh-4,SOUTH,SKU-102,4.993434
Wh-4,SOUTH,SKU-103,6.756835
Wh-4,SOUTH,SKU-104,6.827126
Wh-4,SOUTH,SKU-105,6.2451067
Wh-4,SOUTH,SKU-106,6.712624
Wh-4,SOUTH,SKU-107,6.1663084
Wh-4,SOUTH,SKU-108,6.712654
Wh-4,SOUTH,SKU-109,6.363573
Wh-4,SOUTH,SKU-110,2.9346182
Wh-4,SOUTH,SKU-111,6.8415112
Wh-4,SOUTH,SKU-112,6.6442695
Wh-4,SOUTH,SKU-113,6.9561005
Wh-4,SOUTH,SKU-114,6.634295
Wh-4,SOUTH,SKU-115,6.6895275
Wh-4,SOUTH,SKU-116,3.6853268
Wh-4,SOUTH,SKU-117,6.8062506
Wh-4,SOUTH,SKU-287,5.5244217
Wh-4,SOUTH,SKU-121,6.712624
Wh-4,SOUTH,SKU-122,6.712624
Wh-4,SOUTH,SKU-422,6.2950487
Wh-4,SOUTH,SKU-288,4.8683925
Wh-4,SOUTH,SKU-423,6.7674427
Wh-4,SOUTH,SKU-424,6.549654
Wh-4,SOUTH,SKU-425,3.735131
Wh-4,SOUTH,SKU-426,6.570774
Wh-4,SOUTH,SKU-123,6.7126703
Wh-4,SOUTH,SKU-289,6.0632696
Wh-4,SOUTH,SKU-427,5.766507
Wh-4,SOUTH,SKU-406,6.704753
Wh-4,SOUTH,SKU-124,6.5334897
Wh-4,SOUTH,SKU-338,3.3557856
Wh-4,SOUTH,SKU-428,4.6114054
Wh-4,SOUTH,SKU-339,6.712624
Wh-4,SOUTH,SKU-126,5.53148
Wh-4,SOUTH,SKU-127,6.8516703
Wh-4,SOUTH,SKU-128,4.963822
Wh-4,SOUTH,SKU-129,4.3546147
Wh-4,SOUTH,SKU-131,6.157864
Wh-4,SOUTH,SKU-132,6.8045387
Wh-4,SOUTH,SKU-133,6.968615
Wh-4,SOUTH,SKU-134,6.841653
Wh-4,SOUTH,SKU-136,4.368573
Wh-4,SOUTH,SKU-137,4.3147635
Wh-4,SOUTH,SKU-344,5.232148
Wh-4,SOUTH,SKU-140,6.712624
Wh-4,SOUTH,SKU-141,6.530382
Wh-4,SOUTH,SKU-429,5.898711
Wh-4,SOUTH,SKU-144,6.570643
Wh-4,SOUTH,SKU-384,6.5001817
Wh-4,SOUTH,SKU-430,3.960742
Wh-4,SOUTH,SKU-431,4.901271
Wh-4,SOUTH,SKU-432,5.8259945
Wh-4,SOUTH,SKU-385,6.7539153
Wh-4,SOUTH,SKU-386,5.442105
Wh-4,SOUTH,SKU-147,6.40917
Wh-4,SOUTH,SKU-148,6.4908085
Wh-4,SOUTH,SKU-149,6.753697
Wh-4,SOUTH,SKU-387,5.3668466
Wh-4,SOUTH,SKU-150,6.746278
Wh-4,SOUTH,SKU-151,6.8798227
Wh-4,SOUTH,SKU-152,6.753702
Wh-4,SOUTH,SKU-154,6.2557306
Wh-4,SOUTH,SKU-155,6.513154
Wh-4,SOUTH,SKU-156,6.533152
Wh-4,SOUTH,SKU-157,6.814747
Wh-4,SOUTH,SKU-158,6.571281
Wh-4,SOUTH,SKU-159,6.6411343
Wh-4,SOUTH,SKU-160,6.5345554
Wh-4,SOUTH,SKU-161,5.796817
Wh-4,SOUTH,SKU-162,3.801646
Wh-4,SOUTH,SKU-163,6.491288
Wh-4,SOUTH,SKU-164,6.503742
Wh-4,SOUTH,SKU-165,6.9319215
Wh-4,SOUTH,SKU-166,6.70152
Wh-4,SOUTH,SKU-167,6.372533
Wh-4,SOUTH,SKU-297,6.408027
Wh-4,SOUTH,SKU-169,6.702025
Wh-4,SOUTH,SKU-170,6.5413485
Wh-4,SOUTH,SKU-171,6.575153
Wh-4,SOUTH,SKU-172,6.7515163
Wh-4,SOUTH,SKU-173,6.7554336
Wh-4,SOUTH,SKU-174,6.825122
Wh-4,SOUTH,SKU-175,3.3601704
Wh-4,SOUTH,SKU-176,6.410552
Wh-4,SOUTH,SKU-177,6.643819
Wh-4,SOUTH,SKU-178,5.9432735
Wh-4,SOUTH,SKU-179,5.768546
Wh-4,SOUTH,SKU-180,5.8170896
Wh-4,SOUTH,SKU-182,6.7171926
Wh-4,SOUTH,SKU-183,6.785498
Wh-4,SOUTH,SKU-184,6.7504997
Wh-4,SOUTH,SKU-185,6.6595087
Wh-4,SOUTH,SKU-186,6.571198
Wh-4,SOUTH,SKU-187,6.7161674
Wh-4,SOUTH,SKU-190,4.478861
Wh-4,SOUTH,SKU-193,6.616278
Wh-4,SOUTH,SKU-194,6.169897
Wh-4,SOUTH,SKU-196,6.471568
Wh-4,SOUTH,SKU-199,6.458041
Wh-4,SOUTH,SKU-200,5.936536
Wh-4,SOUTH,SKU-201,4.9815655
Wh-4,SOUTH,SKU-202,6.185379
Wh-4,SOUTH,SKU-203,6.376644
Wh-4,SOUTH,SKU-204,6.4631033
Wh-4,SOUTH,SKU-314,6.0606146
Wh-4,SOUTH,SKU-315,6.5023966
Wh-4,SOUTH,SKU-316,6.411236
Wh-4,SOUTH,SKU-317,4.5748124
Wh-4,SOUTH,SKU-318,6.4746566
Wh-4,SOUTH,SKU-319,5.59871
Wh-4,SOUTH,SKU-320,6.6090136
Wh-4,SOUTH,SKU-321,2.6817224
Wh-4,SOUTH,SKU-322,5.6642346
Wh-4,SOUTH,SKU-324,5.619631
Wh-4,SOUTH,SKU-325,5.5337496
Wh-4,SOUTH,SKU-326,4.3473606
Wh-4,SOUTH,SKU-396,6.374166
Wh-4,SOUTH,SKU-397,5.4000654
Wh-4,SOUTH,SKU-433,6.619304
Wh-4,SOUTH,SKU-399,4.8346624
Wh-4,SOUTH,SKU-205,6.76496
Wh-4,SOUTH,SKU-206,6.2904625
Wh-4,SOUTH,SKU-434,6.791769
Wh-4,SOUTH,SKU-208,6.569314
Wh-4,SOUTH,SKU-211,4.2821035
Wh-4,SOUTH,SKU-212,6.436509
Wh-4,SOUTH,SKU-214,5.445828
Wh-4,SOUTH,SKU-215,5.2937355
Wh-4,SOUTH,SKU-217,6.127616
Wh-4,SOUTH,SKU-218,5.4604073
Wh-4,SOUTH,SKU-219,6.529029
Wh-4,SOUTH,SKU-220,6.569212
Wh-4,SOUTH,SKU-221,5.8683357
Wh-4,SOUTH,SKU-224,6.5475416
Wh-4,SOUTH,SKU-225,5.824976
Wh-4,SOUTH,SKU-226,5.2011504
Wh-4,SOUTH,SKU-228,6.9667645
Wh-4,SOUTH,SKU-229,4.3947406
Wh-4,SOUTH,SKU-230,6.6180706
Wh-4,SOUTH,SKU-231,6.7035246
Wh-4,SOUTH,SKU-232,6.726183
Wh-4,SOUTH,SKU-233,6.5764236
